,s,sa_prophet,sa_stl,sa_camplet,sa_sts,sa_ts0,sa_ts,sa_x11,sa_x13
Apr-82,3396.4,3576.223247,3604.419522,3668.334425,3513.216278,3537.955578,3517.470428,3616.93634,3535.31598
May-82,3497.9,3555.352676,3446.296896,3552.049381,3543.950171,3526.980997,3510.436833,3482.75208,3520.020227
Jun-82,3357.8,3526.705181,3637.562851,3655.902972,3555.769783,3576.800733,3575.315165,3631.298922,3598.563464
Jul-82,3486.8,3587.998049,3632.301384,3685.969568,3543.214913,3616.60363,3565.425425,3654.433858,3563.880396
Aug-82,3355.9,3462.15299,3507.366162,3540.946084,3564.002542,3551.302202,3546.574393,3506.966422,3536.878951
Sep-82,3454.3,3580.925128,3677.904142,3689.439925,3573.65012,3627.659074,3607.083517,3680.735935,3609.985362
Oct-82,3551.5,3508.25771,3565.864296,3579.763439,3605.604939,3634.041676,3591.973672,3578.255159,3575.028853
Nov-82,3830.5,3684.811365,3615.49923,3571.902427,3659.089485,3647.960783,3660.764906,3589.430827,3648.578637
Dec-82,5179.7,3897.943735,3519.630705,3582.238989,3655.642601,3636.237094,3683.716768,3492.738855,3689.754686
Jan-83,3384.5,3482.583049,3664.301404,3579.185469,3704.458273,3714.450712,3672.622297,3659.269543,3642.774135
Feb-83,3369.8,3798.72673,3835.778845,3694.883227,3766.819923,3756.849567,3788.040069,3808.463732,3802.382739
Mar-83,3805.3,3930.280816,3970.043488,3776.676088,3852.766014,3836.019509,3850.634352,3968.324612,3905.108645
Apr-83,3665.1,3856.706517,3878.671091,3835.508697,3830.779552,3847.58397,3827.959152,3888.978623,3847.387836
May-83,3760,3825.241116,3696.749912,3807.09146,3801.416308,3765.480615,3779.887634,3729.22692,3797.557618
Jun-83,3630.8,3809.028183,3919.272607,3863.839879,3821.57596,3878.188967,3851.639926,3922.930819,3871.422729
Jul-83,3686.5,3798.681188,3829.447957,3838.125967,3866.244742,3853.586633,3835.902369,3852.2674,3835.245018
Aug-83,3816.3,3931.301584,3967.478804,3981.920917,3938.111349,3960.366316,3965.615796,3973.372759,3967.638315
Sep-83,3823.4,3970.160115,4051.624944,3993.593864,3946.630234,4015.391967,3975.54978,4056.3887,3975.611385
Oct-83,3878.7,3826.355104,3883.377554,3948.443369,3973.248794,3934.887789,3941.764133,3890.9312,3932.398083
Nov-83,4211.5,4062.731276,3997.845376,4001.36192,3991.04184,3998.299012,4006.400379,3978.237426,4001.834844
Dec-83,5684.3,4274.649565,4002.7927,4111.807441,4029.87181,4078.21465,4034.340057,3964.669985,4037.307486
Jan-84,3698.5,3796.821698,3975.154686,4006.461823,4033.099544,4008.226644,4019.285944,3963.526327,3993.96732
Feb-84,3733.2,4210.144662,4213.211344,4096.777742,4151.214634,4145.263025,4071.08587,4191.254787,4068.132051
Mar-84,4010.9,4133.837277,4193.326811,4034.647585,4082.078613,4119.398076,4069.395954,4190.838917,4128.523818
Apr-84,3788.4,3993.941581,4012.029819,4008.527899,4094.481262,4037.821204,4049.262488,4017.556266,4032.415907
May-84,4242.3,4304.219128,4159.483672,4267.873443,4114.960231,4155.505936,4152.481646,4191.997163,4189.971387
Jun-84,3872.1,4076.220908,4176.224892,4143.920661,4108.408744,4164.968383,4108.198458,4190.411742,4122.132781
Jul-84,3978,4082.292111,4118.825028,4181.313769,4194.449119,4141.300329,4176.046699,4142.748438,4183.729357
Aug-84,4096.1,4238.356801,4244.490875,4235.012609,4158.198602,4217.506643,4192.636723,4263.044886,4200.111925
Sep-84,3901.4,4030.88323,4136.884127,4112.006892,4183.988221,4162.236469,4146.222507,4143.819861,4141.044507
Oct-84,4274,4233.408054,4261.920536,4319.335028,4243.605794,4262.078247,4274.527669,4260.466957,4277.263627
Nov-84,4557.1,4358.788646,4346.084882,4322.119513,4281.592111,4311.555587,4299.094319,4339.948437,4294.411903
Dec-84,5847.5,4407.498147,4123.82193,4249.165765,4318.986127,4189.780828,4268.779581,4044.479277,4262.001848
Jan-85,4130,4269.196252,4402.759769,4407.134416,4318.153735,4388.157729,4370.285213,4394.543043,4357.110631
Feb-85,3856.8,4343.924621,4361.608779,4245.090245,4331.106434,4365.845582,4366.935702,4348.864773,4369.660849
Mar-85,4196.9,4328.556555,4412.774878,4272.277938,4419.658848,4425.060417,4366.892547,4395.072254,4371.748277
Apr-85,4228.9,4455.587494,4485.284008,4448.338566,4464.778179,4487.726093,4465.249272,4474.870075,4482.77927
May-85,4739.1,4812.58517,4599.158857,4611.018925,4572.866633,4584.568324,4603.038803,4682.400798,4652.151539
Jun-85,4190.3,4406.150365,4537.238625,4473.273554,4566.229171,4540.187811,4529.038809,4524.082166,4541.507087
Jul-85,4514.6,4639.286744,4642.442021,4655.082367,4635.573854,4640.458182,4656.970446,4682.689321,4676.541198
Aug-85,4566.3,4717.872345,4714.379795,4656.681981,4655.892214,4703.604111,4666.950348,4752.492311,4678.395823
Sep-85,4380.3,4533.281868,4640.906931,4647.843964,4701.568786,4653.239825,4672.96985,4624.59233,4668.67844
Oct-85,4857.7,4805.029036,4792.918207,4816.336676,4762.159745,4786.513527,4801.67131,4823.42265,4810.760824
Nov-85,5105,4896.894142,4898.616268,4824.831504,4844.882591,4871.394107,4840.635672,4903.247941,4837.372585
Dec-85,6628.2,4991.825678,4791.215725,4992.619144,4883.856899,4796.653132,4851.624329,4702.094155,4844.103519
Jan-86,4674.9,4821.473854,4928.033051,4924.897583,4851.877985,4914.182539,4902.991729,4942.248256,4888.159686
Feb-86,4294.1,4838.594159,4865.682873,4826.432859,4832.683581,4882.514547,4877.715615,4840.028348,4879.774896
Mar-86,4528,4673.353623,4822.968989,4786.039868,4829.393585,4849.355294,4723.631746,4738.750555,4740.322327
Apr-86,4729,4979.378088,4992.354098,4980.4823,4958.518107,4990.396856,5016.641515,4994.324247,5020.395319
May-86,5261.9,5348.326209,5151.792599,5078.256308,5105.96117,5128.682212,5116.933831,5216.61922,5165.649322
Jun-86,4637.8,4871.09217,4996.362721,5009.093962,5056.255861,5008.45059,5027.585936,4972.152403,5037.837622
Jul-86,4989.5,5134.311192,5096.988988,5113.585789,5063.425471,5096.956929,5100.035956,5172.788923,5125.789876
Aug-86,4923.8,5079.695132,5124.227985,5058.974549,5174.43667,5123.116901,5132.958812,5133.31515,5147.200593
Sep-86,4962.2,5144.100591,5201.682738,5231.722988,5191.330108,5188.668917,5201.423118,5199.827179,5207.336493
Oct-86,5305.1,5240.506259,5224.370492,5226.812225,5171.457122,5218.50152,5209.211203,5265.624132,5216.862889
Nov-86,5303.5,5101.787515,5129.915681,5081.652168,5190.901741,5147.305502,5144.535651,5101.040091,5136.555416
Dec-86,7340,5523.661026,5275.645878,5597.584731,5279.582398,5271.030282,5290.349651,5265.733386,5285.484089
Jan-87,5065.3,5212.092752,5353.410094,5374.539561,5265.387824,5341.8719,5291.698481,5347.86675,5269.908212
Feb-87,4679.8,5275.470756,5303.722532,5343.321671,5268.440112,5304.450935,5322.683898,5290.18317,5334.993429
Mar-87,4993,5156.989492,5271.245546,5389.533246,5313.64094,5287.183285,5279.623248,5200.474723,5311.847483
Apr-87,5166,5436.071558,5453.784547,5443.914963,5372.861631,5443.585816,5400.606887,5461.450117,5389.614712
May-87,5386.3,5479.759634,5361.330596,5266.879428,5416.492068,5377.866391,5372.683634,5369.306727,5406.405228
Jun-87,5118.9,5370.17582,5445.32236,5481.62344,5441.945912,5449.829746,5449.826644,5432.064883,5454.463092
Jul-87,5494.6,5661.802158,5644.992148,5543.027178,5541.195644,5618.181593,5585.197226,5708.491649,5617.372799
Aug-87,5236.7,5394.504365,5483.05276,5402.591004,5563.299537,5493.107236,5512.422197,5460.503528,5524.948781
Sep-87,5395.1,5602.18937,5592.732601,5544.069167,5597.474905,5594.926834,5610.160141,5625.135032,5622.64317
Oct-87,5744.4,5666.876598,5713.107892,5554.105375,5615.241768,5691.936888,5631.274394,5715.575784,5640.728249
Nov-87,5745,5542.061304,5571.576277,5514.830706,5649.019153,5591.533519,5616.037938,5526.723804,5608.28653
Dec-87,8022.4,6032.923785,5718.434473,5874.193605,5713.140153,5724.675929,5737.57201,5810.373325,5739.262314
Jan-88,5304.4,5445.41328,5633.870059,5472.055725,5669.212416,5655.957109,5630.499917,5594.161857,5604.478892
Feb-88,5226.8,5894.56341,5908.3866,5720.103847,5899.112861,5879.722384,5776.951795,5899.711906,5771.87802
Mar-88,5729.7,5905.319864,5946.054304,5928.984014,5861.710139,5921.295375,5885.34723,5931.346194,5898.753445
Apr-88,5527.3,5827.18649,5862.473734,5758.695894,5784.936758,5864.928157,5794.975469,5851.882483,5811.318063
May-88,5787.8,5872.276706,5838.746092,5779.024246,5907.980625,5859.676723,5880.047565,5804.912662,5908.240124
Jun-88,5739.2,6041.746607,6009.907782,6056.206892,5982.486376,6008.574755,6013.770449,6035.548838,6016.427961
Jul-88,5722.7,5872.7333,5948.676167,5870.126112,5969.377415,5959.241213,5934.749016,5967.960023,5961.020291
Aug-88,5787.3,5988.291867,6035.338699,6091.295918,6012.971138,6043.712842,6026.829486,6010.473279,6035.20138
Sep-88,5946.3,6143.651241,6143.237511,6200.812169,6085.091484,6141.921004,6114.563354,6179.896811,6115.494139
Oct-88,6065.8,6008.190588,6092.847055,6106.547769,6165.780464,6105.837717,6116.890984,6047.156189,6124.037173
Nov-88,6470.9,6189.305797,6240.30759,6423.565854,6198.06196,6234.046966,6212.625183,6228.220973,6219.353213
Dec-88,8885.8,6697.588205,6437.897525,6595.939868,6321.421155,6411.148258,6330.796674,6549.517944,6329.937644
Jan-89,5980.3,6181.858195,6327.304768,6386.95632,6427.457775,6328.032661,6392.178507,6284.779098,6378.04545
Feb-89,5574.1,6278.124411,6313.250278,6263.942771,6286.893999,6325.478667,6342.598853,6290.782069,6358.064609
Mar-89,6299,6496.599334,6468.661987,6491.978792,6402.725896,6463.3468,6402.74784,6499.554015,6422.932086
Apr-89,6075.7,6401.384032,6465.391142,6437.278162,6507.597152,6464.996288,6505.133977,6427.20751,6522.849066
May-89,6437.8,6537.625458,6502.909493,6530.024689,6460.276589,6506.339159,6475.860488,6483.046281,6497.47638
Jun-89,6377.4,6705.912068,6636.655037,6635.283759,6607.150323,6624.512832,6632.922004,6672.486994,6622.735822
Jul-89,6287.5,6461.151686,6576.939469,6542.688354,6621.223659,6591.938321,6585.902638,6559.221509,6617.993958
Aug-89,6436.4,6650.047864,6630.444483,6691.279254,6608.488437,6648.034273,6638.969506,6649.027261,6642.215727
Sep-89,6565.5,6794.799923,6821.157278,6728.030081,6760.658078,6796.690277,6763.364509,6818.072909,6761.850652
Oct-89,6605.4,6533.779112,6641.587718,6660.679024,6718.952332,6666.953757,6685.994972,6581.082604,6685.700507
Nov-89,7154.3,6862.654214,6844.352998,6881.138796,6791.862567,6836.016812,6823.354677,6884.045953,6833.780334
Dec-89,9394.4,7075.104424,6913.151041,6840.122766,6901.985677,6892.869403,6864.198589,6960.495059,6870.624389
Jan-90,6511.6,6715.760582,6822.418353,6897.265996,6835.592971,6825.974758,6834.864207,6811.285102,6820.467765
Feb-90,6031,6795.734001,6813.879737,6834.111479,6802.640598,6833.313662,6855.046208,6793.3917,6871.583806
Mar-90,6749.3,6965.959718,6950.951786,6930.923486,6858.962612,6941.459054,6906.445929,6966.285038,6940.646047
Apr-90,6476.1,6818.978734,6874.207585,6903.053832,6966.150257,6883.464064,6908.794269,6837.585506,6904.395486
May-90,6947.9,7062.0186,6989.475331,7032.394341,6902.520171,6976.3836,6943.011506,7011.604143,6968.179981
Jun-90,6758.9,7098.888454,7077.737611,7006.514031,7046.179173,7051.442851,7044.138839,7077.41687,7021.300665
Jul-90,6573.5,6764.28392,6851.555776,6930.523896,6940.605095,6870.650255,6907.6731,6852.150342,6949.190945
Aug-90,6911.2,7130.019293,7086.489044,7127.054196,7032.437868,7062.402299,7069.624282,7120.964846,7071.451669
Sep-90,6589.3,6830.845597,6904.376153,6852.487805,6962.640342,6921.860071,6927.79186,6863.933835,6915.082732
Oct-90,7002.9,6917.634217,6968.362859,7090.873564,6963.083684,6976.555394,6965.153453,6961.609212,6971.320856
Nov-90,7402.3,7120.762086,7061.991113,7082.624043,6997.363272,7055.733548,7028.118168,7110.398134,7032.045928
Dec-90,9414.4,7084.734927,6946.277871,6924.396478,7043.084949,6968.024301,7003.199735,6879.577705,7000.962823
Jan-91,6837.2,7035.342539,7104.820334,7156.777554,7060.392231,7101.690833,7092.412461,7138.062226,7084.665185
Feb-91,6284.6,7084.538551,7082.990852,7103.814938,7077.64946,7081.783946,7134.095624,7086.831189,7151.954504
Mar-91,6837.9,7062.483165,7101.780966,7035.591162,7132.860177,7104.363397,7066.281181,7082.658831,7072.789286
Apr-91,6709.5,7060.26367,7057.577992,7131.779055,7092.297196,7082.901624,7116.707102,7073.151025,7133.959506
May-91,7191.7,7316.485781,7228.575462,7195.081447,7102.102996,7224.581768,7153.156207,7274.847387,7172.874029
Jun-91,6674.9,7002.556522,7054.14267,6972.360232,7145.768672,7093.711396,7108.788877,7020.708962,7066.973639
Jul-91,7147,7364.485135,7379.647069,7426.329412,7383.627518,7358.917527,7386.355356,7428.225509,7449.079508
Aug-91,7262.7,7481.556486,7513.625989,7364.557835,7395.444132,7466.98382,7424.187353,7476.683201,7399.336402
Sep-91,6898.1,7162.881595,7236.744323,7257.934583,7333.318998,7261.992772,7298.749184,7180.93457,7278.770009
Oct-91,7624.4,7521.505106,7503.563314,7566.728714,7455.183947,7479.60409,7484.369844,7558.151428,7504.83592
Nov-91,7804.4,7528.714228,7486.336941,7441.169419,7432.550965,7479.704385,7429.432396,7507.008218,7432.423105
Dec-91,9813.7,7379.999022,7290.594403,7403.84522,7413.575487,7329.831093,7381.200781,7178.802819,7381.475106
Jan-92,7305.3,7499.505625,7568.716085,7546.290568,7467.90844,7556.35045,7504.835721,7607.782171,7506.364406
Feb-92,6848.2,7723.109578,7663.971085,7615.985241,7677.578654,7637.667481,7498.976248,7691.738552,7484.998325
Mar-92,7164.6,7384.200691,7439.088077,7455.065083,7577.164788,7470.547928,7547.142186,7434.208149,7591.463223
Apr-92,7435.5,7838.916858,7756.248528,7777.593259,7718.418498,7718.843346,7725.221611,7798.269061,7720.158887
May-92,7551.4,7661.617595,7634.492475,7579.676268,7663.41583,7627.603773,7643.144033,7658.065488,7662.363316
Jun-92,7180.7,7559.236455,7594.697862,7621.901409,7605.690632,7602.43589,7593.768432,7551.574933,7556.02892
Jul-92,7487,7683.288346,7695.854237,7713.554248,7584.768243,7681.940238,7633.410779,7765.490186,7684.437224
Aug-92,7119.3,7366.551982,7467.247246,7376.158167,7546.217731,7508.846735,7509.059303,7349.69257,7445.142271
Sep-92,7406,7651.797099,7706.442231,7784.942083,7673.644691,7696.813341,7683.77956,7683.283608,7678.783805
Oct-92,7946.1,7870.632601,7796.261692,7786.784571,7702.682125,7776.059093,7725.467581,7865.230585,7734.466931
Nov-92,7887,7543.781363,7595.491605,7596.762029,7746.137556,7614.400425,7708.465186,7594.111373,7711.828971
Dec-92,10379.6,7823.525911,7702.811725,7924.534518,7621.22759,7697.070759,7662.222765,7620.988594,7674.801917
Jan-93,7455.9,7707.191364,7765.906442,7715.052412,7793.909189,7755.750688,7769.089365,7781.304626,7776.958717
Feb-93,6833,7696.027001,7692.422329,7631.511747,7691.032415,7699.800098,7743.185409,7698.900669,7753.340867
Mar-93,7497.4,7732.593085,7731.276779,7818.693917,7762.752676,7739.825418,7761.685969,7789.432125,7792.806841
Apr-93,7539.8,7943.966181,7872.924853,7786.011642,7808.39116,7858.736297,7816.456721,7913.239037,7814.309569
May-93,7675.2,7794.212761,7819.690797,7739.375423,7881.301487,7818.781416,7849.339696,7805.991705,7862.165247
Jun-93,7507.9,7894.646284,7893.543579,7901.578247,7885.593356,7883.495569,7890.584328,7896.499948,7876.033534
Jul-93,7674.2,7886.150341,7918.057121,7853.084749,7785.846665,7914.638165,7819.716362,7956.323131,7843.715955
Aug-93,7361.4,7605.752027,7757.546277,7789.144389,7816.134924,7794.491814,7797.990992,7612.518801,7725.534635
Sep-93,7765.5,8036.709893,7994.812624,8020.383472,7959.418041,7992.881769,7989.627608,8027.010768,7992.012216
Oct-93,8063.3,7975.871426,7953.25307,7872.705968,8014.815482,7966.334956,7987.829676,7977.217588,7987.166176
Nov-93,8369.3,8028.124612,8087.340105,8069.417898,8097.277182,8081.956985,8088.771315,8077.894682,8095.463501
Dec-93,11130.8,8382.820864,8262.743587,8392.20595,8145.686096,8229.767337,8185.083313,8257.393551,8207.716614
Jan-94,7730.6,7972.980336,8098.295067,8033.209137,8150.437081,8104.603505,8118.062892,8061.324768,8113.909623
Feb-94,7295.2,8220.235232,8211.586728,8150.831693,8209.649203,8216.135224,8258.300096,8194.869052,8275.011365
Mar-94,8240.1,8504.615986,8446.710865,8433.695194,8398.876859,8400.059487,8403.061945,8541.745169,8435.387793
Apr-94,7775.5,8187.175792,8167.015427,8111.978881,8127.507685,8196.846465,8134.645393,8174.708285,8123.742063
May-94,8061.2,8193.604447,8227.723248,8213.902919,8312.312637,8247.379786,8291.340925,8198.325604,8298.351715
Jun-94,8057.1,8462.390945,8412.662018,8402.748305,8380.387463,8410.012757,8407.771208,8472.092607,8407.47571
Jul-94,8076.6,8311.008673,8366.909446,8315.150472,8391.073041,8378.738816,8374.579908,8360.43733,8388.693375
Aug-94,8222.7,8483.043414,8568.246241,8634.87313,8557.35474,8545.24928,8553.557941,8500.276533,8511.675411
Sep-94,8410.6,8718.909441,8646.295779,8609.663935,8581.994443,8620.374537,8608.765512,8664.990129,8600.598857
Oct-94,8638.4,8533.220725,8591.898872,8547.665878,8664.34411,8589.746867,8632.319037,8557.262964,8637.380507
Nov-94,8906.7,8567.943973,8595.510633,8619.005966,8581.609812,8602.438616,8587.2529,8606.175066,8593.355964
Dec-94,11684.1,8792.780353,8683.113193,8767.499206,8584.91241,8684.706876,8610.786354,8688.044957,8609.838325
Jan-95,8268.3,8507.915918,8636.966064,8667.739157,8709.153016,8660.32535,8695.04155,8581.480667,8690.686535
Feb-95,7750.3,8736.800931,8687.264705,8679.457787,8719.54245,8715.715558,8776.767871,8690.538111,8792.813886
Mar-95,8656.9,8941.226182,8883.92525,8772.431731,8792.903108,8888.238547,8832.995692,8979.813198,8898.593042
Apr-95,8514.5,8959.626652,8981.805959,8912.098516,9062.072031,8972.376651,9026.239694,8947.452886,8970.497462
May-95,8860.4,9014.139997,8997.075497,9028.934306,9011.050291,9003.696476,9000.090694,8994.496492,9003.636637
Jun-95,8767.9,9198.297402,9170.59574,9074.893879,9080.624963,9151.194409,9113.094319,9222.185004,9117.332086
Jul-95,8762.1,9028.733064,9051.18643,9067.614046,9169.968828,9066.91755,9131.21423,9036.909428,9147.098005
Aug-95,8964.4,9234.536049,9224.455165,9251.299377,9204.287443,9216.249766,9223.686171,9269.563112,9207.978236
Sep-95,8996.2,9341.516563,9301.433756,9175.69909,9237.299636,9290.593749,9228.375818,9258.155595,9211.198822
Oct-95,9214.9,9090.540554,9160.808438,9181.246959,9271.540677,9183.201855,9250.560141,9115.836566,9252.423615
Nov-95,9727.5,9383.881869,9390.983928,9406.707544,9301.256449,9383.202833,9334.481704,9422.652915,9337.776935
Dec-95,12525,9418.923316,9473.881981,9515.763624,9432.529215,9459.130211,9426.011515,9433.344938,9422.615182
Jan-96,9084.7,9326.209567,9375.825664,9512.213052,9404.322066,9380.933964,9383.078082,9345.265569,9382.859355
Feb-96,8632.1,9734.916356,9611.506955,9606.891484,9610.478094,9573.886923,9415.205057,9632.888006,9405.659323
Mar-96,9074.2,9352.331451,9391.773884,9364.302244,9414.892,9404.666617,9420.064441,9406.242885,9407.305639
Apr-96,8946.5,9431.896936,9431.373162,9444.249505,9465.792178,9436.766055,9424.453922,9404.077603,9435.933771
May-96,9435.2,9572.912881,9523.54136,9606.361435,9428.081143,9515.863512,9455.54973,9567.017328,9458.304534
Jun-96,9003.1,9477.705756,9502.976527,9417.781293,9567.883076,9500.649475,9569.594736,9518.944561,9587.033922
Jul-96,9291.1,9534.686837,9524.994694,9632.449127,9599.967313,9526.913225,9556.171102,9542.363754,9568.915461
Aug-96,9386.1,9712.07753,9653.137304,9648.55257,9549.237532,9633.955861,9568.303341,9728.548932,9560.173212
Sep-96,8956.8,9254.066467,9317.159866,9326.571919,9443.657344,9366.227208,9429.814012,9238.859968,9398.82293
Oct-96,9675.6,9583.706824,9553.001052,9673.523986,9477.191427,9559.707791,9499.546656,9551.536923,9498.512857
Nov-96,9930.1,9497.971765,9599.717579,9595.035848,9502.114437,9591.717872,9507.463784,9622.465112,9507.170999
Dec-96,12523.5,9439.470379,9407.498404,9500.907319,9589.477493,9441.0725,9579.956925,9324.444007,9555.587055
Jan-97,9516.5,9837.241194,9694.721782,9800.54324,9625.14839,9688.548773,9648.126525,9714.239097,9654.875767
Feb-97,8636,9726.750941,9682.489321,9558.938828,9715.782024,9676.482066,9775.221858,9688.848454,9810.843652
Mar-97,9325,9617.524811,9714.94851,9649.750748,9770.114618,9712.888208,9687.4502,9678.750528,9694.926487
Apr-97,9221.1,9715.391198,9693.134772,9706.860946,9714.903605,9709.621157,9757.849585,9699.2236,9743.410132
May-97,9819.1,9971.356385,9915.19397,9852.05659,9797.763075,9887.987278,9824.047287,9963.493801,9827.792715
Jun-97,9116.7,9586.318648,9717.367502,9622.815987,9761.057305,9722.886566,9788.607194,9701.144913,9795.549199
Jul-97,9719.3,9987.733054,9883.30085,9919.155264,9915.231504,9887.709259,9895.459489,9939.251479,9902.242258
Aug-97,9524.8,9840.963256,9864.818284,9747.270301,9894.989642,9867.825,9888.153359,9901.982525,9889.590367
Sep-97,9596.6,9931.761015,9967.819506,9995.635084,9973.812459,9958.15107,9958.793979,9900.706216,9934.76413
Oct-97,10237,10126.00248,10030.24958,10092.38577,9952.711127,10015.46248,9973.924343,10082.94101,9975.962087
Nov-97,10340.9,9919.352132,10035.69809,9992.828616,10082.3405,10027.7391,10080.8757,10032.13413,10088.69624
Dec-97,13318.2,10030.19413,10089.90767,10250.87188,10100.50742,10080.04,10075.93283,10005.98303,10042.97147
Jan-98,10042.7,10357.57246,10177.90765,10208.44219,10100.68883,10151.59654,10114.35122,10188.08419,10135.81334
Feb-98,8872.4,9997.425029,10007.40711,9955.89072,10003.54656,10035.56235,10059.98279,9993.273124,10088.37198
Mar-98,9575.7,9883.090169,9962.764668,10009.22525,10059.90833,9988.050938,10074.13378,9920.254293,10071.07021
Apr-98,9756.6,10273.16563,10242.46506,10239.96754,10188.81824,10220.81063,10171.78928,10254.63727,10157.28846
May-98,10000.6,10164.85891,10163.68312,10072.28275,10195.5642,10169.09261,10206.17631,10167.43258,10204.91293
Jun-98,9556.1,10036.79415,10131.49701,10185.04977,10104.44165,10168.87651,10161.47218,10196.83472,10163.48301
Jul-98,10225.4,10522.1737,10431.36576,10354.56009,10362.62832,10392.74781,10343.04652,10436.60014,10342.4924
Aug-98,9835.4,10146.80399,10248.32135,10189.61788,10331.41749,10266.46994,10299.9635,10238.33298,10304.97968
Sep-98,10059.8,10428.56457,10360.51204,10395.63392,10397.91832,10367.21814,10378.48125,10399.93596,10369.45993
Oct-98,10773.4,10642.22543,10545.72308,10504.45081,10439.78341,10523.31861,10452.94742,10604.96593,10464.60028
Nov-98,10642.7,10237.91722,10336.87148,10338.14843,10445.31405,10363.7731,10443.10891,10304.56541,10434.13812
Dec-98,13837.5,10413.3051,10413.44662,10591.97118,10407.7386,10433.34197,10414.41275,10376.87275,10367.87539
Jan-99,10537.1,10842.4659,10725.85756,10589.38629,10782.88419,10705.20563,10781.7576,10649.16053,10813.46336
Feb-99,9430.1,10630.41514,10645.95941,10576.62746,10640.07157,10655.81743,10713.88417,10630.43777,10730.9951
Mar-99,10540,10886.17449,10895.60099,10907.75008,10934.02042,10869.78466,10887.66358,10874.55959,10847.62528
Apr-99,10390.7,10933.91187,10919.97027,10808.93085,10771.60148,10899.78477,10815.77808,10921.69344,10835.59614
May-99,10581,10764.59475,10820.88563,10750.97203,10932.17241,10832.44467,10907.99233,10776.08738,10900.8993
Jun-99,10264.8,10768.67701,10703.88145,10909.9027,10779.13374,10749.54151,10869.48712,10940.40098,10885.77647
Jul-99,10824.9,11154.30462,11167.89358,10929.94503,10976.55644,11134.05129,10929.13526,11058.14369,10930.05666
Aug-99,10555.3,10873.37673,10983.49694,10991.88096,11097.74999,10989.48756,11087.34544,10954.09577,11102.49914
Sep-99,10908.9,11327.63501,11185.79171,11190.26964,11173.89516,11166.12725,11164.7949,11295.65889,11171.10515
Oct-99,11336.8,11183.80451,11158.46344,11075.31138,11194.91958,11153.17169,11192.09515,11159.3948,11209.34891
Nov-99,11584,11174.80211,11240.6576,11313.60781,11232.86798,11222.06524,11216.26855,11186.28284,11200.29844
Dec-99,15016.9,11292.85665,11408.24388,11615.85706,11217.66949,11366.19473,11239.54234,11396.22385,11199.06431
Jan-00,10794.2,11081.15527,11034.72986,10993.13574,11188.9088,11083.97718,11145.98792,10897.32048,11161.09745
Feb-00,10114.8,11407.04255,11408.06246,11308.63709,11407.2052,11380.3442,11148.91313,11418.07741,11125.49473
Mar-00,10930.1,11265.11626,11222.64685,11260.99336,11125.30587,11246.118,11167.63639,11247.34989,11183.10647
Apr-00,10609.9,11185.54555,11194.30414,11139.57179,11283.90284,11233.62945,11232.04658,11172.70574,11187.15492
May-00,11052.7,11214.02135,11293.64505,11316.30369,11348.2226,11321.40759,11301.51475,11269.05149,11287.11801
Jun-00,11675.2,12290.66769,12074.50023,12121.57205,11982.36198,11948.94054,12226.52568,12373.52804,12238.4321
Jul-00,10605.2,10883.23889,11048.5785,10725.87292,11133.92529,11145.73992,10996.26213,10885.63762,11018.74924
Aug-00,11190.6,11579.24748,11563.14318,11387.42937,11499.90474,11568.4008,11499.89379,11581.01693,11504.69861
Sep-00,11447.4,11827.32678,11799.57749,11480.99786,11699.5711,11760.9781,11688.01794,11886.07596,11692.81035
Oct-00,11664.4,11553.61837,11528.07311,11385.50347,11669.6186,11559.619,11666.77057,11480.0638,11666.76875
Nov-00,12127.8,11600.03444,11667.94268,11692.64121,11631.10011,11684.74299,11627.37256,11647.98005,11594.74318
Dec-00,15567.3,11733.70601,11779.53652,11887.5521,11840.76534,11780.00073,11847.98269,11759.12117,11821.00562
Jan-01,11612.2,12003.57402,11857.31062,11900.33384,11914.72198,11867.15754,11866.47628,11718.60684,11873.76106
Feb-01,10625.2,11967.19246,12033.89712,11888.17448,12001.80766,12016.31502,12086.26062,12017.96419,12106.74663
Mar-01,11940.5,12315.07292,12254.86816,12298.71121,12131.43117,12218.40698,12166.62245,12281.97094,12172.80261
Apr-01,11576.8,12197.367,12224.96492,12335.00254,12346.45557,12210.53704,12313.34862,12182.89749,12296.25142
May-01,12075.8,12263.0491,12268.70868,12537.49781,12261.78436,12266.07184,12254.8823,12322.89263,12253.88159
Jun-01,11749.3,12354.52891,12211.3859,12332.19892,12193.11542,12226.47727,12300.02602,12461.53799,12305.49467
Jul-01,12038.9,12371.39706,12534.19243,12469.94375,12580.45191,12505.18012,12529.62424,12360.24546,12571.3279
Aug-01,12204.9,12610.02566,12527.9316,12478.86257,12447.35192,12522.36155,12460.0895,12576.52184,12455.78173
Sep-01,11949.3,12366.629,12400.9955,12210.56873,12457.27111,12437.35479,12454.6639,12426.76178,12443.8816
Oct-01,12797.9,12659.13521,12633.71703,12645.23171,12669.93023,12645.06077,12623.75519,12600.70857,12611.08473
Nov-01,13359,12814.41897,12779.11542,12878.4304,12688.56135,12781.63052,12728.1401,12803.54808,12693.19834
Dec-01,16743.5,12609.85384,12780.45636,12973.60626,12905.06936,12797.47821,12882.10224,12730.71212,12858.28392
Jan-02,12836,13238.45181,13019.11562,13076.26683,13005.47604,13000.55666,13000.99482,12970.56261,13010.91488
Feb-02,11392.4,12836.96237,12925.0184,12823.11927,12887.6353,12950.87096,12970.89054,12880.84161,12974.6284
Mar-02,12728.5,13137.09841,13121.22935,13017.03151,13148.91529,13106.34781,13093.88463,13100.62964,13071.94821
Apr-02,12455.8,13115.27545,13119.26317,13136.10085,13158.03612,13121.55496,13210.43997,13103.85125,13225.56798
May-02,13217.9,13435.00276,13415.17638,13435.14094,13339.78823,13370.59283,13349.42084,13507.6457,13349.81495
Jun-02,12550.6,13181.92449,13197.79383,13193.49131,13258.39208,13230.35537,13346.19503,13261.76926,13348.10497
Jul-02,12943.3,13318.95582,13357.04999,13355.52014,13387.33255,13340.01429,13298.86071,13293.22859,13327.20834
Aug-02,13261.7,13681.58596,13621.94299,13514.57086,13496.60419,13573.61248,13484.52311,13635.66189,13485.52868
Sep-02,12888.3,13360.7496,13395.06727,13402.04513,13490.00772,13416.18702,13515.89914,13383.15584,13515.23382
Oct-02,13798.9,13630.8876,13536.14379,13642.15502,13515.34471,13534.68931,13493.93331,13579.33787,13469.75914
Nov-02,14418.4,13870.01284,13771.03151,13816.05458,13751.49068,13737.06993,13716.58053,13807.02299,13718.22966
Dec-02,17801.4,13396.30782,13611.78737,13905.59375,13755.47776,13626.02231,13787.36147,13562.19549,13777.78326
Jan-03,13636.3,14031.48094,13780.74017,13819.69728,13724.92387,13780.56965,13727.46814,13807.34177,13713.65102
Feb-03,12067.5,13603.51796,13689.62411,13692.83142,13647.5385,13723.90527,13743.7586,13656.62957,13733.97487
Mar-03,13289.7,13726.18531,13759.10975,13715.87717,13879.07126,13802.66775,13927.46213,13707.20211,13955.24713
Apr-03,13347.9,14045.71033,14033.63818,14016.53639,14059.35706,14036.8908,14002.14121,14033.13486,13956.61842
May-03,13897.3,14138.43707,14193.09095,14018.0692,14047.07032,14184.46658,14041.15335,14251.56833,14021.28994
Jun-03,13284,13936.08306,14018.3255,14012.76377,14089.45268,14054.90393,14184.1585,13975.60216,14159.39582
Jul-03,14005.4,14431.5881,14335.8733,14335.78171,14318.57982,14348.65269,14278.13663,14373.0998,14287.89007
Aug-03,13933.3,14353.17044,14368.90992,14176.62362,14393.44618,14389.69689,14415.58648,14314.22033,14413.64943
Sep-03,14055.9,14595.4317,14512.68998,14520.8706,14573.67406,14520.81461,14547.93129,14547.44432,14569.11063
Oct-03,15188.7,14983.72129,14870.19731,14820.07945,14767.02991,14832.58702,14733.83356,14945.52514,14718.32456
Nov-03,15455,14909.06135,14798.10522,14709.9793,14954.39311,14798.8649,14958.43866,14806.26691,14985.09357
Dec-03,19384.4,14577.25965,14920.92245,15176.85903,14904.98826,14915.54643,14860.57957,14918.39003,14853.58529
Jan-04,14934.7,15331.72719,15151.63354,15038.53243,15018.33425,15120.34282,14988.30048,15155.29747,14972.77611
Feb-04,13588.5,15324.53411,15296.68268,15222.96047,15453.93302,15246.30254,15165.9145,15281.69321,15113.59671
Mar-04,14600.9,15048.4292,15107.00872,15169.44795,15140.35577,15111.87561,15154.70559,15046.238,15119.85688
Apr-04,14552,15341.52621,15276.03528,15268.13713,15152.16468,15270.33217,15130.12369,15275.41083,15118.14736
May-04,14685.1,14899.43859,15120.28577,15046.44529,15240.91173,15160.73082,15261.35394,15108.00615,15242.94372
Jun-04,14679,15452.81545,15350.98142,15510.11015,15367.037,15348.73238,15366.76302,15339.87796,15350.70831
Jul-04,15154.9,15552.21939,15475.98556,15524.79668,15357.60603,15458.30752,15302.22121,15539.66637,15292.66117
Aug-04,14731.7,15243.32924,15220.49311,15291.78565,15371.77422,15264.34112,15416.55823,15133.12871,15410.96906
Sep-04,15204.1,15708.70757,15601.48928,15693.80687,15613.22344,15569.55667,15580.3156,15685.19469,15620.60897
Oct-04,15769.1,15619.33433,15464.76711,15463.02648,15516.44382,15465.9308,15526.04768,15514.99715,15524.09133
Nov-04,16017.9,15320.84893,15384.56192,15446.4181,15455.78135,15406.37183,15433.3516,15339.94609,15436.42907
Dec-04,20298.1,15299.50203,15588.56559,15876.92801,15403.01927,15559.15627,15401.26434,15595.43982,15386.05575
Jan-05,15066.7,15574.50343,15385.05926,15338.73303,15496.02691,15403.58053,15524.89645,15329.83113,15511.52444
Feb-05,13693.5,15423.02733,15485.24788,15388.79238,15468.95016,15483.10305,15573.22813,15478.30405,15561.64491
Mar-05,15128.9,15603.49288,15577.83689,15670.5382,15534.58066,15572.54602,15442.29056,15604.99341,15414.00061
Apr-05,14742.6,15532.86769,15523.30032,15498.46238,15432.95397,15527.92475,15486.89804,15515.51648,15466.66378
May-05,15000.6,15233.20147,15541.33068,15521.8901,15595.15147,15543.90154,15671.5162,15478.02002,15648.33619
Jun-05,15159.8,15940.71028,15740.48464,15808.76449,15770.80881,15721.86347,15751.56267,15804.59433,15726.36195
Jul-05,15339.3,15762.94935,15690.04922,15634.53778,15728.09549,15686.88588,15739.49323,15726.98664,15728.11091
Aug-05,15299,15806.83026,15762.3849,15833.01466,15815.24195,15757.4446,15765.91244,15709.29063,15761.01541
Sep-05,15436,15975.10191,15829.86266,15765.62173,15778.34524,15832.16121,15774.89712,15931.06677,15794.35359
Oct-05,16002.8,15829.28519,15745.82645,15702.82827,15888.20567,15777.82363,15891.61232,15750.39152,15905.20948
Nov-05,16520.8,15847.32786,15853.12743,15897.21992,15899.51791,15877.11824,15876.22312,15820.0293,15877.61727
Dec-05,20955,15781.61599,16028.87568,16175.60656,15914.13886,16020.36528,15897.73186,16009.87317,15889.13259
Jan-06,15614.7,16104.27341,15999.37317,15957.07768,16059.13989,16012.43061,16143.79702,15909.80841,16133.29159
Feb-06,14231,16035.49835,16104.53662,15996.9169,16091.06841,16139.66813,16196.97098,16118.18544,16168.65806
Mar-06,15868.7,16378.10217,16265.23906,16261.1794,16194.82047,16257.71576,16221.52356,16360.77439,16247.22145
Apr-06,15619.2,16446.16245,16497.26331,16339.92079,16545.77693,16459.708,16541.24383,16439.44702,16483.92317
May-06,15959,16221.12506,16521.71254,16453.23559,16493.13597,16491.63383,16468.56867,16450.76226,16418.18429
Jun-06,16106.6,16916.79959,16711.86995,16594.04928,16660.69964,16670.06177,16653.28697,16755.88104,16615.69577
Jul-06,16214.5,16685.09647,16614.96093,16538.85148,16742.47735,16620.79018,16745.45599,16610.6461,16723.84066
Aug-06,16401.9,16921.20955,16805.25119,16811.75766,16811.18928,16783.94391,16749.87765,16830.50199,16741.79732
Sep-06,16348.7,16947.99833,16845.16022,16718.48224,16787.18253,16843.58396,16754.8232,16895.81748,16782.39688
Oct-06,17155.7,16946.81594,16933.10533,16915.0622,17057.69706,16929.44722,17122.93245,16902.09895,17152.03547
Nov-06,17800.4,17123.38239,17080.61763,17131.89553,17054.11911,17063.18377,17012.17399,17062.90026,17023.07977
Dec-06,22142.8,16663.39528,16957.83799,17232.02996,17028.45398,17012.99791,17097.71155,16950.27011,17133.16918
Jan-07,16855.2,17343.66489,17183.7427,17261.77311,17208.26342,17208.44482,17176.85564,17147.65991,17146.70671
Feb-07,15331.4,17282.86515,17283.29441,17246.67786,17337.89334,17305.87104,17471.85793,17346.34649,17437.43907
Mar-07,17317.7,17886.48046,17746.90262,17637.98202,17615.92737,17707.57003,17620.63463,17826.14551,17547.44364
Apr-07,16514.4,17377.7507,17431.90116,17360.14582,17570.94662,17482.19499,17610.15935,17378.40416,17640.85959
May-07,17100.4,17397.11521,17599.74168,17618.62297,17570.61736,17639.46635,17525.38379,17583.00227,17437.51439
Jun-07,17184.1,18027.6306,17918.12258,17684.59698,17842.16657,17913.13762,17805.36227,17877.46305,17769.1762
Jul-07,17437,17967.61261,17855.19309,17826.75327,18014.90662,17868.02325,18080.67503,17821.44739,18026.66047
Aug-07,17801.5,18337.936,18223.9917,18108.62478,18119.38756,18184.98964,18050.04681,18248.35408,18017.83966
Sep-07,17603.5,18279.20531,18259.03289,18054.73297,18307.76372,18220.97542,18382.93688,18214.66956,18435.88563
Oct-07,18530.4,18280.32346,18290.1856,18273.23462,18333.45372,18270.36656,18288.79202,18276.68388,18321.33886
Nov-07,19307.1,18625.08822,18568.29297,18513.55129,18381.24299,18509.0832,18351.00733,18533.29172,18380.40382
Dec-07,23833.7,17923.17706,18344.96852,18758.55165,18474.93717,18344.7315,18528.14057,18398.4313,18618.62515
Jan-08,18201,18684.85919,18405.07245,18622.75215,18446.37027,18405.59039,18366.07772,18474.15737,18340.25808
Feb-08,16791.4,18936.62892,18894.68191,18771.79262,18869.59381,18795.05126,18457.75222,18934.793,18350.75347
Mar-08,17807.9,18353.72631,18288.447,18309.86623,18467.45027,18336.51833,18405.6618,18337.68803,18401.66002
Apr-08,17543,18494.80444,18476.53094,18618.37638,18517.71407,18493.20302,18572.62676,18432.03535,18556.65243
May-08,18183.5,18448.90001,18635.56491,18799.5271,18512.57667,18637.93314,18443.98041,18661.15601,18355.26944
Jun-08,17477.9,18399.26175,18320.01163,18333.56566,18470.2483,18399.81222,18583.35885,18241.60844,18552.64908
Jul-08,18391.2,18873.36618,18766.06289,18855.88442,18760.27198,18768.81163,18679.37106,18761.69607,18577.24956
Aug-08,18198.2,18830.22015,18678.30895,18615.69993,18666.13967,18710.92929,18723.39358,18672.61835,18688.28865
Sep-08,17885.2,18478.79037,18610.61003,18539.91377,18565.7322,18668.83325,18606.02344,18536.80784,18603.93934
Oct-08,19144.5,18962.67676,18872.34835,18859.23099,18738.58796,18893.72532,18699.96169,18890.74529,18697.18106
Nov-08,19478.5,18630.85397,18716.66587,18666.02265,18829.69771,18789.83123,18884.411,18675.63175,18939.74622
Dec-08,25184.3,18982.42934,19401.63025,19576.10055,19432.6129,19350.28627,19402.85909,19511.22388,19492.49989
Jan-09,19384.5,20037.82924,19543.32367,19489.82572,19445.49096,19482.86461,19358.43407,19629.58526,19329.84325
Feb-09,16853.8,18982.48205,19122.35639,18826.71421,19114.31222,19158.45945,19266.31665,19104.60841,19214.64435
Mar-09,18927.9,19521.66733,19493.33555,19410.64985,19637.74664,19479.31557,19777.85114,19479.40767,19801.59861
Apr-09,18849.3,19859.70473,19778.32657,19705.08379,19824.80395,19725.26861,19693.10393,19775.61954,19656.54172
May-09,19397.5,19698.28044,19874.11105,19773.94237,19928.2517,19807.32862,19968.38716,19894.17678,19938.27311
Jun-09,18902.9,19876.62452,19820.85399,19832.59411,19835.03382,19779.68313,19830.84896,19748.0787,19825.45052
Jul-09,19360.6,19895.31186,19652.77213,19769.47814,19646.73131,19673.24004,19561.13958,19713.03396,19428.52473
Aug-09,19156.7,19792.58156,19678.60876,19735.70275,19772.02262,19704.41175,19814.18067,19641.21669,19806.27126
Sep-09,19030.3,19694.93275,19725.69828,19893.27403,19710.65627,19758.16025,19705.65323,19688.9876,19697.04979
Oct-09,20294.6,20074.55015,20031.74522,20066.802,19842.0699,20010.41014,19797.01282,20047.28103,19794.13422
Nov-09,20840.1,19990.55115,20098.15828,20213.16866,20169.74058,20074.05597,20297.58991,20023.61954,20384.2247
Dec-09,25958.5,19549.84865,19940.99616,20184.25574,19994.90632,19972.07689,19926.60357,20070.15629,19961.08728
Jan-10,19792,20412.54583,20020.91027,19943.85579,20039.69476,20020.16498,20113.36776,20022.12121,20085.19336
Feb-10,17431.5,19641.82345,19840.54963,19863.65196,19772.42701,19906.65019,19933.18655,19762.28654,19870.56109
Mar-10,19490.3,20115.95939,20077.0948,20079.76662,20094.37929,20076.26623,20060.38281,20040.20365,19972.06958
Apr-10,19032,20039.654,19964.44538,19945.47515,19925.71875,20000.41748,19894.27056,20005.85133,19906.59433
May-10,19533.6,19854.43753,20073.00309,19946.2169,20224.57844,20099.60116,20279.11093,20060.7068,20252.25189
Jun-10,19339.1,20311.90189,20223.8659,20181.73137,20277.57527,20221.24935,20223.44693,20249.49056,20209.94479
Jul-10,20231.6,20818.78551,20522.01766,20486.87049,20472.71527,20471.04012,20363.42987,20612.73639,20267.42776
Aug-10,19860.8,20489.62368,20351.03073,20408.09814,20520.04455,20334.56424,20590.54821,20344.5072,20600.23096
Sep-10,19916.3,20646.37673,20515.39487,20626.05801,20514.36877,20470.27851,20441.09503,20568.15777,20437.08362
Oct-10,20575.4,20324.87842,20324.98858,20312.84511,20300.62077,20326.65577,20402.31531,20328.86346,20442.98076
Nov-10,21163.7,20358.76316,20366.94162,20406.95622,20373.47293,20360.92154,20367.86861,20310.75727,20437.38808
Dec-10,26599.2,20017.02512,20486.33765,20635.50469,20412.51898,20481.06087,20366.19308,20528.08783,20355.26001
Jan-11,20063.7,20645.14744,20427.16446,20334.71582,20464.55053,20440.77557,20561.65333,20267.74134,20516.40349
Feb-11,18079.3,20380.53302,20519.46407,20584.25621,20464.89582,20508.51348,20650.10235,20483.38143,20598.32181
Mar-11,19933.8,20588.50333,20487.91898,20550.40832,20482.73926,20511.10873,20440.97279,20471.20231,20474.86597
Apr-11,19833,20869.84267,20891.24133,20778.54727,20768.95166,20840.88282,20698.55534,20874.33958,20596.50927
May-11,19888.1,20233.1856,20496.15509,20513.22508,20670.14333,20543.29057,20770.64019,20451.64757,20736.87918
Jun-11,19738.3,20707.2108,20590.67927,20642.46601,20636.59157,20628.9677,20537.03184,20711.2197,20485.50339
Jul-11,20419.6,21040.97393,20783.91243,20619.69016,20854.91733,20782.49537,20902.36618,20844.96626,20870.91365
Aug-11,20388.3,21002.68744,20777.30868,20839.64105,20938.63993,20799.8552,20858.179,20865.28877,20852.82655
Sep-11,20475.9,21261.86156,21019.70603,20963.89156,20931.64896,20993.77335,20859.33926,21108.41255,20838.44021
Oct-11,21183.4,20897.51997,20944.96737,20924.18726,21031.08915,20951.33963,21152.44491,20919.81728,21214.50833
Nov-11,21864.2,21091.86019,20975.78405,21053.57152,21028.20182,21001.92703,20985.79307,20967.24357,21018.79498
Dec-11,27425.4,20624.17082,21272.13192,21255.96267,21046.46874,21236.25943,20987.8815,21213.99996,20972.44103
Jan-12,20529.6,21075.36318,20903.51306,20951.39138,21004.54063,20960.71976,21129.40376,20702.44924,21083.38164
Feb-12,19071.2,21507.69069,21499.93127,21425.73262,21545.49449,21441.05464,21052.51086,21533.27888,20913.96428
Mar-12,20868.1,21507.72387,21407.16224,21429.55555,21235.53568,21381.99822,21197.14501,21387.11759,21118.44597
Apr-12,20028.9,21115.57822,21187.29574,21044.72965,21333.48067,21220.9574,21428.29967,21138.1277,21470.6779
May-12,20873.1,21177.75647,21497.53764,21515.15836,21507.09308,21476.36042,21385.12378,21476.04429,21331.53729
Jun-12,20878.1,21978.70606,21804.97641,21720.46089,21675.29227,21727.94315,21624.99403,21902.48603,21593.3504
Jul-12,20964.6,21514.23358,21454.57032,21363.13561,21655.40264,21473.78909,21756.39436,21451.07311,21742.12716
Aug-12,21352,22093.55104,21703.45917,21757.49424,21708.36568,21677.0588,21577.38855,21839.65797,21543.0465
Sep-12,21040.2,21738.50139,21625.24859,21575.08885,21748.46059,21625.93799,21800.81445,21665.8034,21805.88693
Oct-12,21850.4,21642.87771,21561.04972,21664.52353,21615.77439,21571.00558,21604.13768,21534.22921,21638.31515
Nov-12,22680.2,21693.22557,21707.04686,21848.17939,21603.87131,21697.15615,21546.34673,21735.32792,21527.7398
Dec-12,27676.4,20860.82629,21428.91606,21568.61534,21621.29279,21479.92336,21758.3964,21340.32445,21778.60258
Jan-13,21510.6,22235.58666,21758.96978,21987.98046,21768.20754,21760.37684,21655.21207,21650.0364,21607.39537
Feb-13,19299.8,21737.41869,21781.00517,21678.09421,21790.7797,21784.28489,21965.81207,21796.54343,21912.56199
Mar-13,21410.5,22082.14638,21942.42117,21909.98518,21945.31178,21928.92107,21900.82846,21929.66167,21961.73015
Apr-13,20601.1,21705.40886,21846.75479,21832.53766,21828.51575,21867.44085,21985.37307,21778.70132,21914.56364
May-13,21481,21814.08749,22091.75272,22045.92779,22010.52473,22074.35901,21930.29142,22122.98584,21863.19854
Jun-13,20984.5,22065.45172,21995.59294,21799.8703,22061.9104,22009.90171,22138.02095,22055.58941,22106.80433
Jul-13,21474.2,22067.28645,22039.44102,21966.67298,22077.25473,22067.66407,22047.20657,22014.71215,22008.81732
Aug-13,22024,22755.05782,22435.27202,22239.21475,22359.18551,22402.1518,22242.34875,22545.08324,22193.40801
Sep-13,21551.9,22304.59957,22186.60789,22104.42684,22333.57648,22221.35276,22452.57114,22164.97032,22423.43554
Oct-13,22853.7,22605.9024,22441.13976,22504.05507,22508.50883,22453.56196,22413.48851,22466.11486,22431.1247
Nov-13,23771.3,22802.26047,22738.2788,22681.9848,22632.62354,22705.22438,22579.93597,22776.32871,22559.02775
Dec-13,29137.6,21944.09038,22743.72794,22906.42733,22847.85201,22734.65645,23019.1007,22694.56682,23057.07749
Jan-14,22960.6,23680.49211,23070.82324,23119.61571,23055.68643,23020.6306,22945.13522,23088.6407,22909.62665
Feb-14,20295,22868.41677,22856.3672,22781.04251,22910.01157,22898.38514,23060.1091,22818.57453,23013.93154
Mar-14,22386.2,23104.82086,22929.67671,22900.08673,23089.87,22959.6651,23247.2113,22915.22278,23455.79721
Apr-14,21975.8,23139.31423,23263.37197,23205.55978,23260.39635,23229.62151,23166.86118,23198.56014,22988.9682
May-14,22620.1,22991.633,23296.98257,23189.45093,23156.73478,23281.13764,23057.84373,23295.16448,22988.63635
Jun-14,22061.3,23171.03491,23170.19308,23127.45121,23259.68701,23202.89694,23426.4966,23142.11632,23382.46161
Jul-14,22917.2,23582.33018,23506.99789,23497.17988,23499.44835,23479.62546,23387.31138,23512.96015,23344.81894
Aug-14,22898.2,23623.19247,23441.11042,23273.1938,23485.56652,23460.67372,23570.83669,23486.49797,23533.02998
Sep-14,23057.2,23902.41347,23668.37112,23715.09506,23722.13218,23673.60432,23723.38229,23671.46022,23677.91035
Oct-14,24332.7,24036.43035,23853.53969,23913.66836,23794.17414,23784.83895,23691.22973,23864.07341,23703.49131
Nov-14,24793.5,23850.50792,23737.16874,23737.92271,23868.69818,23751.97044,23934.85752,23750.27936,23932.05739
Dec-14,30425.9,22896.77902,23753.2568,24054.31744,23760.86036,23774.22634,23770.70005,23887.58205,23779.16105
Jan-15,23924.6,24617.9366,24060.72682,23971.74413,23971.49644,24012.16834,23826.62467,24046.90417,23772.10735
Feb-15,21239.9,23943.43162,23867.26406,23899.17806,23955.57253,23903.2504,24120.82386,23784.89994,24088.06321
Mar-15,23584.2,24358.79663,24155.48933,24167.1178,24357.67908,24168.27646,24567.05898,24138.05058,24593.35435
Apr-15,22812.9,24005.52785,24078.32106,24084.8727,24102.54404,24111.52515,23959.67905,24055.97844,23930.27448
May-15,23532.6,23940.92263,24285.21893,24178.36975,24300.23572,24328.04469,24391.32814,24249.85348,24358.99648
Jun-15,23293.5,24436.92794,24360.92751,24430.41151,24398.85014,24410.56754,24444.74346,24370.78633,24391.92138
Jul-15,24015.9,24746.71031,24633.05989,24529.40163,24509.07251,24599.48044,24378.30242,24639.37051,24329.53675
Aug-15,23824.2,24542.12593,24452.72838,24395.84793,24600.05019,24532.37178,24757.8537,24487.60469,24719.85101
Sep-15,24008.9,24930.47476,24610.18185,24612.44002,24701.51624,24582.31602,24618.14738,24600.01885,24574.61131
Oct-15,25447.3,25103.87662,24952.76058,24844.62834,24806.17524,24853.6149,24657.45855,24921.43153,24697.56028
Nov-15,25783.5,24872.71325,24717.29214,24761.4409,24854.09043,24737.57514,25014.44209,24707.87354,24996.17203
Dec-15,31923,24006.4103,25147.03307,25274.05859,24903.0828,24939.22406,24812.53444,25314.89321,24795.6978
Jan-16,24753.1,25411.14159,24902.81174,24865.40082,25003.33278,24959.46965,25039.99292,24887.8865,25010.96462
Feb-16,22734.9,25639.4562,25404.93694,25350.08713,25600.08727,25384.15612,25086.65972,25298.51561,24965.7486
Mar-16,24517.3,25268.77475,25100.00292,25132.2476,25179.07573,25128.95186,24887.02481,25089.78618,24940.21225
Apr-16,23975.9,25276.72472,25236.82627,25316.32423,25149.33698,25241.91854,25233.69546,25219.78218,25153.63877
May-16,24143.5,24495.89009,24914.78665,25028.69825,25136.71666,25054.61778,25311.96771,24901.53891,25273.67783
Jun-16,24165.3,25439.19349,25209.48122,25327.83162,25265.0222,25217.09667,25142.60665,25217.5647,25091.84628
Jul-16,24563.7,25207.69199,25186.32583,25184.26165,25213.76589,25265.15638,25293.74072,25196.73503,25288.97003
Aug-16,24591.3,25445.35133,25249.06677,25322.46876,25355.38035,25378.75743,25366.51756,25316.48635,25268.71853
Sep-16,25063.6,25895.43367,25661.93489,25637.00501,25549.19834,25545.33534,25453.65987,25638.07476,25406.12411
Oct-16,25974.6,25727.90848,25469.48003,25406.74556,25632.0034,25440.32238,25779.13434,25412.04209,25866.0049
Nov-16,26781.1,25615.66667,25714.64211,25734.90808,25694.0771,25651.58131,25575.47277,25704.16892,25519.15328
Dec-16,33100.2,24948.96454,26273.7115,26085.92509,25599.00483,25843.09647,25542.13962,26450.44698,25526.66515
Jan-17,25306.2,26159.11239,25464.80543,25581.70305,25742.38342,25606.46798,25868.20762,25446.66013,25838.61895
Feb-17,22615,25471.33772,25300.49406,25306.63182,25503.39417,25490.42831,25711.6346,25181.75599,25680.10431
Mar-17,25113.5,25901.30931,25702.73122,25724.6492,25667.09982,25765.3513,25628.22424,25695.77849,25722.80446
Apr-17,24583.1,25900.86143,25843.54076,25826.76919,26045.00082,25850.32579,26065.93529,25828.3663,25945.51145
May-17,25133.2,25522.91903,25920.88997,26030.25219,26033.55866,25998.55389,25971.67171,25918.62186,25918.23744
Jun-17,25167.5,26463.92605,26203.46272,26193.62721,26128.51952,26102.6024,26060.58023,26202.76756,26030.46534
Jul-17,25278.6,25976.75849,25907.22797,26001.93444,26078.20653,26030.712,26215.44675,25911.54179,26217.5173
Aug-17,25275.4,26114.38378,25951.86395,26066.33125,26047.60272,26098.57258,25922.25464,26027.28495,25786.87534
